rc_11,rc_14,rc_15,rc_26,rc_37,profit
0.6,0.6,0.5,0.6,0.5,30.206442735761332
0.425,0.77,0.639,0.559,0.294,24.958788434460768
