rc_11,rc_14,rc_15,rc_26,rc_37,intercept
0.5416135636268358,6.352624316386174,1.2899758599067719,-13.509449386879885,7.3117043182983625,4.030886080460867
