rc_11,rc_14,rc_15,rc_26,rc_37,intercept
-5.440797570448912,2.225404598073312,0.0,0.9076346653050998,0.0,3.57092915680674
