rc_11,rc_14,rc_15,rc_26,rc_37,intercept
0.4979142260906862,4.26735252174257,-4.109252735616628,1.4321816613524256,0.0,2.5406243095096825
