rc_11,rc_14,rc_15,rc_26,rc_37,intercept
2.6387264951280236,12.057749527519114,3.3625733369588704,6.986221501779057,7.244612383615556,6.591691221710995
