rc_11,rc_14,rc_15,rc_26,rc_37,intercept
0.0,3.0186449547238325,0.0,9.134433446566677,-5.159858601120406,1.5042552209794047
