rc_11,rc_14,rc_15,rc_26,rc_37,intercept
2.871597319365966,-8.108054506980649,2.6595007612923003,4.503917393114857,2.0679244176272977,4.6673194245762595
