rc_11,rc_14,rc_15,rc_26,rc_37,intercept
1.8197904359304888,-1.7646212397761654,-1.4225754491964768,0.34127124313346774,2.1618341865634867,27.61288039679919
