rc_11,rc_14,rc_15,rc_26,rc_37,intercept
3.679668795469931,8.441201853829467,-8.63480812261925,4.869154572913583,2.5018195376300247,-1.8211131378666092
