rc_11,rc_14,rc_15,rc_26,rc_37,intercept
3.644252072279715,11.25417654290597,4.79836139094416,-21.20472894114412,12.852196298399802,-0.6275151114536879
