rc_11,rc_14,rc_15,rc_26,rc_37,intercept
2.7274546168008413,6.791834755790802,3.08498111563905,15.349867111368592,-10.21697701649703,-3.859118405206506
