rc_11,rc_14,rc_15,rc_26,rc_37,intercept
6.656083171216222,-13.378312634689653,6.785295551220768,9.121610071440722,5.616784845510461,-0.6696197908663712
