rc_11,rc_14,rc_15,rc_26,rc_37,intercept
-9.781224125272269,5.403669217646372,1.6097983483062746,4.015347908372434,1.6264403527385507,0.9587320681998124
