rc_11,rc_14,rc_15,rc_26,rc_37,intercept
6.773412122224151,18.602613402181817,7.695583623147787,12.26095718768562,12.405843156353928,-6.081401628437574
