rc_11,rc_14,rc_15,rc_26,rc_37,intercept
12.454100194659738,0.6926079789665263,0.6680834005644192,7.88586843552092,12.42957561625763,10.813543137252644
