{
  "1": [
    232.5521091811414,
    122.45086848635242
  ],
  "2": [
    139.6488833746898,
    249.49801488833748
  ],
  "3": [
    72.94913151364764,
    332.87270471464024
  ],
  "4": [
    50.71588089330024,
    394.808188585608
  ],
  "5": [
    155.52977667493795,
    403.5426799007444
  ],
  "6": [
    244.4627791563275,
    304.28709677419357
  ],
  "7": [
    226.99379652605458,
    229.6468982630273
  ],
  "8": [
    290.51736972704714,
    223.29454094292805
  ],
  "9": [
    353.2468982630272,
    192.32679900744415
  ],
  "10": [
    439.79776674937955,
    151.03647642679903
  ],
  "11": [
    495.3808933002481,
    54.95707196029775
  ],
  "12": [
    300.04590570719597,
    338.43101736972704
  ],
  "13": [
    230.9640198511166,
    367.0166253101737
  ],
  "14": [
    247.63895781637714,
    423.39379652605464
  ],
  "15": [
    356.4230769230769,
    266.9669975186104
  ],
  "16": [
    371.5099255583126,
    360.66426799007445
  ],
  "17": [
    356.4230769230769,
    432.9223325062035
  ],
  "18": [
    455.67866004962775,
    336.04888337468986
  ],
  "19": [
    468.38337468982627,
    178.03399503722085
  ],
  "20": [
    606.5471464019851,
    158.18287841191068
  ],
  "21": [
    571.6091811414391,
    226.47071960297768
  ],
  "22": [
    742.3287841191066,
    73.22009925558314
  ],
  "23": [
    649.425558312655,
    235.20521091811418
  ],
  "24": [
    733.5942928039701,
    204.23746898263028
  ],
  "25": [
    757.4156327543424,
    262.9967741935484
  ],
  "26": [
    938.4578163771712,
    171.6816377171216
  ],
  "27": [
    595.4305210918113,
    341.6071960297767
  ],
  "28": [
    533.4950372208436,
    313.81563275434246
  ],
  "29": [
    486.64640198511154,
    446.4210918114144
  ],
  "30": [
    502.52729528535974,
    512.3267990074442
  ],
  "31": [
    464.4131513647642,
    547.2647642679901
  ],
  "32": [
    531.1129032258063,
    485.32928039702233
  ],
  "33": [
    597.8126550868485,
    460.7138957816377
  ],
  "34": [
    692.303970223325,
    428.158064516129
  ],
  "35": [
    666.894540942928,
    465.47816377171216
  ],
  "36": [
    662.1302729528535,
    587.7610421836229
  ],
  "37": [
    759.0037220843672,
    528.2076923076924
  ],
  "38": [
    733.5942928039701,
    204.23746898263028
  ]
}